{"Is_Snowing": 0.0887569710612297, "Hour_Sin": 0.04965386167168617, "Route_Risk_Score": 0.04658414050936699, "AIRLINE_Southwest Airlines Co.": 0.0456322580575943, "prcp": 0.03711413964629173, "AIRLINE_Delta Air Lines Inc.": 0.035594869405031204, "AIRLINE_United Air Lines Inc.": 0.03550116345286369, "Month_Cos": 0.028998859226703644, "Month_Sin": 0.023622216656804085, "ORIGIN_MCO": 0.02128433622419834, "AIRLINE_American Airlines Inc.": 0.020776139572262764, "AIRLINE_JetBlue Airways": 0.020570477470755577, "ORIGIN_LGA": 0.01995377242565155, "AIRLINE_Republic Airline": 0.019471947103738785, "AIRLINE_SkyWest Airlines Inc.": 0.018442988395690918, "temp": 0.016574054956436157, "ORIGIN_DCA": 0.016363853588700294, "ORIGIN_EWR": 0.01629423163831234, "ORIGIN_DFW": 0.016043800860643387, "Is_Holiday": 0.015058455057442188}