{"accuracy": 0.6528560724540751, "f1_weighted": 0.6306453592431894, "test_samples": 198857}